insert into performer(id, name)  values ('1', 'Kimbra');
insert into edition(id, name, performer_id, relase_date_id, title_id)  values ('1', 'New Zeland','1', '1', '1');
insert into edition(id, name, performer_id, relase_date_id, title_id)  values ('2', 'United States','1', '1','1');
insert into relase_date(id, year, edition_id, performer_id)  values ('1', '2011', '1', '1');
insert into title(id, album_title, performer_id) values ('1', 'Vows', '1');
insert into tracks(id, length, track, edition_id, performer_id) values ('1', '242', 'Settle Down', '2', '1');
insert into tracks(id, length, track, edition_id, performer_id) values ('2', '262', 'Something in the Way You Are', '2', '1');
insert into tracks(id, length, track, edition_id, performer_id) values ('3', '242', 'Cameo Lover', '2', '1');
insert into tracks(id, length, track, edition_id, performer_id) values ('4', '260', 'Two Way Street', '2', '1');
insert into tracks(id, length, track, edition_id, performer_id) values ('5', '270', 'Old Flame', '2', '1');
insert into tracks(id, length, track, edition_id, performer_id) values ('6', '210', 'Good Intent', '2', '1');
insert into tracks(id, length, track, edition_id, performer_id) values ('7', '270', 'Plain Gold Ring (live)', '2', '1');
insert into tracks(id, length, track, edition_id, performer_id) values ('8', '277', 'Come Into My Head', '2', '1');
insert into tracks(id, length, track, edition_id, performer_id) values ('9', '237', 'Sally I Can See You', '2', '1');
insert into tracks(id, length, track, edition_id, performer_id) values ('10', '306', 'Posse', '2', '1');
insert into tracks(id, length, track, edition_id, performer_id) values ('11', '182', 'Home', '2', '1');
insert into tracks(id, length, track, edition_id, performer_id) values ('12', '302', 'The Build Up', '2', '1');
insert into tracks(id, length, track, edition_id, performer_id) values ('13', '253', 'Warrior', '2', '1');
insert into tracks(id, length, track, edition_id, performer_id) values ('14', '257', 'Settle Down', '1', '1');
insert into tracks(id, length, track, edition_id, performer_id) values ('15', '243', 'Cameo Lover', '1', '1');
insert into tracks(id, length, track, edition_id, performer_id) values ('16', '269', 'Two Way Street', '1', '1');
insert into tracks(id, length, track, edition_id, performer_id) values ('17', '257', 'Old Flame', '1', '1');
insert into tracks(id, length, track, edition_id, performer_id) values ('18', '212', 'Good Intent', '1', '1');
insert into tracks(id, length, track, edition_id, performer_id) values ('19', '243', 'Plain Gold Ring (live)', '1', '1');
insert into tracks(id, length, track, edition_id, performer_id) values ('20', '272', 'Call Me', '1', '1');
insert into tracks(id, length, track, edition_id, performer_id) values ('21', '232', 'Limbo', '1', '1');
insert into tracks(id, length, track, edition_id, performer_id) values ('22', '327', 'Wandering Limbs', '1', '1');
insert into tracks(id, length, track, edition_id, performer_id) values ('23', '247', 'Withdraw', '1', '1');
insert into tracks(id, length, track, edition_id, performer_id) values ('24', '501', 'The Build Up', '1', '1');
insert into performer_tracks(performer_id, tracks_id) values ('1', '1');
insert into performer_tracks(performer_id, tracks_id) values ('1', '2');
insert into performer_tracks(performer_id, tracks_id) values ('1', '3');
insert into performer_tracks(performer_id, tracks_id) values ('1', '4');
insert into performer_tracks(performer_id, tracks_id) values ('1', '5');
insert into performer_tracks(performer_id, tracks_id) values ('1', '6');
insert into performer_tracks(performer_id, tracks_id) values ('1', '7');
insert into performer_tracks(performer_id, tracks_id) values ('1', '8');
insert into performer_tracks(performer_id, tracks_id) values ('1', '9');
insert into performer_tracks(performer_id, tracks_id) values ('1', '10');
insert into performer_tracks(performer_id, tracks_id) values ('1', '11');
insert into performer_tracks(performer_id, tracks_id) values ('1', '12');
insert into performer_tracks(performer_id, tracks_id) values ('1', '13');
insert into performer_tracks(performer_id, tracks_id) values ('1', '14');
insert into performer_tracks(performer_id, tracks_id) values ('1', '15');
insert into performer_tracks(performer_id, tracks_id) values ('1', '16');
insert into performer_tracks(performer_id, tracks_id) values ('1', '17');
insert into performer_tracks(performer_id, tracks_id) values ('1', '18');
insert into performer_tracks(performer_id, tracks_id) values ('1', '19');
insert into performer_tracks(performer_id, tracks_id) values ('1', '20');
insert into performer_tracks(performer_id, tracks_id) values ('1', '21');
insert into performer_tracks(performer_id, tracks_id) values ('1', '22');
insert into performer_tracks(performer_id, tracks_id) values ('1', '23');
insert into performer_tracks(performer_id, tracks_id) values ('1', '24');